{
  "arent": "are not",
  "cant": "cannot",
  "couldnt": "could not",
  "didnt": "did not",
  "doesnt": "does not",
  "dont": "do not",
  "hadnt": "had not",
  "hasnt": "has not",
  "havent": "have not",
  "hed": "he would",
  "hell": "he will",
  "hes": "he is",
  "id": "I had",
  "ill": "I will",
  "im": "I am",
  "isnt": "is not",
  "its": "it is",
  "itll": "it will",
  "ive": "I have",
  "lets": "let us",
  "mightnt": "might not",
  "mustnt": "must not",
  "shant": "shall not",
  "shed" : "she would",
  "shell": "she will",
  "shes": "she is",
  "shouldnt": "should not",
  "thats": "that is",
  "theres": "there is",
  "theyd": "they would",
  "theyll": "they will",
  "theyre": "they are",
  "theyve": "they have",
  "wed": "we would",
  "were": "we are",
  "werent": "were not",
  "weve": "we have",
  "whatll": "what will",
  "whatre": "what are",
  "whats": "what is",
  "whatve": "what have",
  "wheres": "where is",
  "whod": "who would",
  "wholl": "who will",
  "whore": "who are",
  "whos": "who is",
  "whove": "who have",
  "wont": "will not",
  "wouldnt": "would not",
  "youd": "you would",
  "youll": "you will",
  "youre": "you are",
  "youve": "you have",
  "re":  "are",
  "wasnt": "was not",
  "well":  "will"
}
